"Method","Endpoint URL","Purpose & Description","Success Code","Error Codes"
"GET","/api/workstations","Retrieve all 20 GPU workstations","200 OK","500"
"GET","/api/workstations/{id}","Retrieve single workstation specifications","200 OK","404, 500"
"GET","/api/workstations/available","Retrieve currently available workstations","200 OK","500"
"PUT","/api/workstations/{id}/status","Lab Assistant updates status (e.g. MAINTENANCE)","200 OK","400, 404, 500"
"POST","/api/bookings","Create new reservation (enforces 10 business rules)","201 Created","400, 404, 409"
"GET","/api/bookings","Retrieve all reservations ordered by date/time","200 OK","500"
"PUT","/api/bookings/{id}/checkin","Lab Assistant marks student check-in (IN_USE)","200 OK","400, 404, 500"
"PUT","/api/bookings/{id}/release","Lab Assistant releases workstation (COMPLETED > AVAILABLE)","200 OK","400, 404, 500"
"DELETE","/api/bookings/{id}","Cancel reservation and free workstation","200 OK","400, 404, 500"
